Name,Easting,Northing,Elevation,Description,Longitude,Latitude,Ellipsoidal height,Easting RMS,Northing RMS,Elevation RMS,Lateral RMS,Antenna height,Antenna height units,Solution status,Averaging start,Averaging end,Samples,PDOP,Base easting,Base northing,Base elevation,Base longitude,Base latitude,Base ellipsoidal height,Baseline,CS name
1,2338929.394,114398.323,-106.112,T01_1,-77.88110114,34.05906199,-106.112,0.033,0.033,0.033,0.046,6.345,ft,FIX,2022-09-19 09:14:47.4 UTC-04:00,2022-09-19 09:14:47.4 UTC-04:00,1,1.1,2338686.547,113886.454,-107.497,-77.88192181,34.05766319,-107.497,566.555,NAD83(2011) / North Carolina
2,2338944.822,114394.087,-114.937,T01_2,-77.88105037,34.05904988,-114.937,0.033,0.033,0.033,0.046,6.345,ft,FIX,2022-09-19 09:15:14.8 UTC-04:00,2022-09-19 09:15:14.8 UTC-04:00,1,1.1,2338686.547,113886.454,-107.497,-77.88192181,34.05766319,-107.497,569.507,NAD83(2011) / North Carolina
3,2338969.034,114388.546,-115.893,T01_3,-77.88097065,34.05903391,-115.893,0.033,0.033,0.033,0.046,6.345,ft,FIX,2022-09-19 09:15:53.2 UTC-04:00,2022-09-19 09:15:53.2 UTC-04:00,1,1.1,2338686.547,113886.454,-107.497,-77.88192181,34.05766319,-107.497,576.054,NAD83(2011) / North Carolina
4,2338991.312,114384.072,-116.898,T01_4,-77.88089727,34.05902092,-116.898,0.033,0.033,0.033,0.046,6.345,ft,FIX,2022-09-19 09:16:11.0 UTC-04:00,2022-09-19 09:16:11.0 UTC-04:00,1,1.1,2338686.547,113886.454,-107.497,-77.88192181,34.05766319,-107.497,583.482,NAD83(2011) / North Carolina
5,2338997.532,114382.336,-117.158,T01_5,-77.88087680,34.05901596,-117.158,0.033,0.033,0.033,0.046,6.345,ft,FIX,2022-09-19 09:16:24.0 UTC-04:00,2022-09-19 09:16:24.0 UTC-04:00,1,1.1,2338686.547,113886.454,-107.497,-77.88192181,34.05766319,-107.497,585.285,NAD83(2011) / North Carolina
6,2339008.960,114380.837,-116.664,T01_6,-77.88083914,34.05901149,-116.664,0.033,0.033,0.033,0.046,6.345,ft,FIX,2022-09-19 09:16:43.8 UTC-04:00,2022-09-19 09:16:43.8 UTC-04:00,1,1.1,2338686.547,113886.454,-107.497,-77.88192181,34.05766319,-107.497,590.176,NAD83(2011) / North Carolina
7,2339026.846,114377.121,-116.065,T01_7,-77.88078023,34.05900072,-116.065,0.033,0.033,0.033,0.046,6.345,ft,FIX,2022-09-19 09:17:00.6 UTC-04:00,2022-09-19 09:17:00.6 UTC-04:00,1,1.1,2338686.547,113886.454,-107.497,-77.88192181,34.05766319,-107.497,597.073,NAD83(2011) / North Carolina
8,2339052.968,114370.320,-115.510,T01_8,-77.88069426,34.05898123,-115.510,0.033,0.033,0.036,0.046,6.345,ft,FIX,2022-09-19 09:17:23.0 UTC-04:00,2022-09-19 09:17:23.0 UTC-04:00,1,1.1,2338686.547,113886.454,-107.497,-77.88192181,34.05766319,-107.497,606.898,NAD83(2011) / North Carolina
9,2339067.077,114366.040,-116.225,T01_9,-77.88064784,34.05896903,-116.225,0.033,0.033,0.033,0.046,6.345,ft,FIX,2022-09-19 09:17:41.2 UTC-04:00,2022-09-19 09:17:41.2 UTC-04:00,1,1.1,2338686.547,113886.454,-107.497,-77.88192181,34.05766319,-107.497,612.161,NAD83(2011) / North Carolina
10,2339089.107,114358.460,-115.441,T01_10,-77.88057540,34.05894753,-115.441,0.033,0.033,0.039,0.046,6.345,ft,FIX,2022-09-19 09:18:00.6 UTC-04:00,2022-09-19 09:18:00.6 UTC-04:00,1,1.1,2338686.547,113886.454,-107.497,-77.88192181,34.05766319,-107.497,620.302,NAD83(2011) / North Carolina
11,2339099.123,114356.438,-115.995,T01_11,-77.88054241,34.05894166,-115.995,0.033,0.033,0.036,0.046,6.345,ft,FIX,2022-09-19 09:18:16.0 UTC-04:00,2022-09-19 09:18:16.0 UTC-04:00,1,1.1,2338686.547,113886.454,-107.497,-77.88192181,34.05766319,-107.497,625.329,NAD83(2011) / North Carolina
12,2339108.961,114353.100,-117.121,T01_12,-77.88051006,34.05893218,-117.121,0.033,0.033,0.036,0.046,6.345,ft,FIX,2022-09-19 09:18:30.6 UTC-04:00,2022-09-19 09:18:30.6 UTC-04:00,1,1.1,2338686.547,113886.454,-107.497,-77.88192181,34.05766319,-107.497,629.388,NAD83(2011) / North Carolina
13,2339117.758,114349.954,-118.045,T01_13,-77.88048114,34.05892327,-118.045,0.033,0.033,0.039,0.046,6.345,ft,FIX,2022-09-19 09:18:48.8 UTC-04:00,2022-09-19 09:18:48.8 UTC-04:00,1,1.1,2338686.547,113886.454,-107.497,-77.88192181,34.05766319,-107.497,633.023,NAD83(2011) / North Carolina
14,2339128.923,114346.708,-119.109,T01_14,-77.88044441,34.05891400,-119.109,0.033,0.033,0.033,0.046,6.345,ft,FIX,2022-09-19 09:19:07.0 UTC-04:00,2022-09-19 09:19:07.0 UTC-04:00,1,1.1,2338686.547,113886.454,-107.497,-77.88192181,34.05766319,-107.497,638.343,NAD83(2011) / North Carolina
15,2339146.536,114342.281,-120.207,T01_15,-77.88038643,34.05890130,-120.207,0.033,0.033,0.033,0.046,6.345,ft,FIX,2022-09-19 09:19:28.6 UTC-04:00,2022-09-19 09:19:28.6 UTC-04:00,1,1.1,2338686.547,113886.454,-107.497,-77.88192181,34.05766319,-107.497,647.557,NAD83(2011) / North Carolina
16,2339169.520,114335.232,-121.702,T01_16,-77.88031082,34.05888122,-121.702,0.033,0.033,0.033,0.046,6.345,ft,FIX,2022-09-19 09:19:44.4 UTC-04:00,2022-09-19 09:19:44.4 UTC-04:00,1,1.1,2338686.547,113886.454,-107.497,-77.88192181,34.05766319,-107.497,659.276,NAD83(2011) / North Carolina
17,2339193.785,114329.265,-123.302,T01_17,-77.88023095,34.05886407,-123.302,0.033,0.033,0.043,0.046,6.345,ft,FIX,2022-09-19 09:20:15.2 UTC-04:00,2022-09-19 09:20:15.2 UTC-04:00,1,1.1,2338686.547,113886.454,-107.497,-77.88192181,34.05766319,-107.497,673.333,NAD83(2011) / North Carolina
18,2339221.305,114326.334,-124.749,T01_18,-77.88014021,34.05885517,-124.749,0.033,0.033,0.033,0.046,6.345,ft,FIX,2022-09-19 09:20:34.6 UTC-04:00,2022-09-19 09:20:34.6 UTC-04:00,1,1.1,2338686.547,113886.454,-107.497,-77.88192181,34.05766319,-107.497,692.452,NAD83(2011) / North Carolina
19,2338820.322,113320.627,-115.656,TurtleNest,-77.88150127,34.05610448,-115.656,0.033,0.033,0.049,0.046,6.345,ft,FIX,2022-09-19 09:26:09.4 UTC-04:00,2022-09-19 09:26:09.4 UTC-04:00,1,1.2,2338686.547,113886.454,-107.497,-77.88192181,34.05766319,-107.497,581.375,NAD83(2011) / North Carolina
20,2338304.553,111984.774,-110.345,T02_1,-77.88325339,34.05245028,-110.345,0.033,0.033,0.039,0.046,6.345,ft,FIX,2022-09-19 09:35:34.0 UTC-04:00,2022-09-19 09:35:34.0 UTC-04:00,1,1.2,2338686.547,113886.454,-107.497,-77.88192181,34.05766319,-107.497,1939.489,NAD83(2011) / North Carolina
21,2338323.100,111977.138,-111.856,T02_2,-77.88319245,34.05242873,-111.856,0.033,0.033,0.036,0.046,6.345,ft,FIX,2022-09-19 09:35:53.0 UTC-04:00,2022-09-19 09:35:53.0 UTC-04:00,1,1.2,2338686.547,113886.454,-107.497,-77.88192181,34.05766319,-107.497,1943.419,NAD83(2011) / North Carolina
22,2338335.884,111972.515,-113.017,T02_3,-77.88315043,34.05241563,-113.017,0.033,0.033,0.039,0.046,6.345,ft,FIX,2022-09-19 09:36:08.2 UTC-04:00,2022-09-19 09:36:08.2 UTC-04:00,1,1.2,2338686.547,113886.454,-107.497,-77.88192181,34.05766319,-107.497,1945.615,NAD83(2011) / North Carolina
23,2338355.072,111965.370,-113.102,T02_4,-77.88308736,34.05239541,-113.102,0.033,0.033,0.039,0.046,6.345,ft,FIX,2022-09-19 09:36:24.8 UTC-04:00,2022-09-19 09:36:24.8 UTC-04:00,1,1.2,2338686.547,113886.454,-107.497,-77.88192181,34.05766319,-107.497,1949.289,NAD83(2011) / North Carolina
24,2338376.928,111956.727,-113.194,T02_5,-77.88301554,34.05237099,-113.194,0.033,0.033,0.043,0.046,6.345,ft,FIX,2022-09-19 09:36:41.0 UTC-04:00,2022-09-19 09:36:41.0 UTC-04:00,1,1.2,2338686.547,113886.454,-107.497,-77.88192181,34.05766319,-107.497,1954.224,NAD83(2011) / North Carolina
25,2338387.150,111951.694,-113.835,T02_6,-77.88298198,34.05235684,-113.835,0.033,0.033,0.039,0.046,6.345,ft,FIX,2022-09-19 09:36:53.8 UTC-04:00,2022-09-19 09:36:53.8 UTC-04:00,1,1.2,2338686.547,113886.454,-107.497,-77.88192181,34.05766319,-107.497,1957.605,NAD83(2011) / North Carolina
26,2338396.943,111948.212,-114.711,T02_7,-77.88294979,34.05234697,-114.711,0.033,0.033,0.043,0.046,6.345,ft,FIX,2022-09-19 09:37:10.4 UTC-04:00,2022-09-19 09:37:10.4 UTC-04:00,1,1.2,2338686.547,113886.454,-107.497,-77.88192181,34.05766319,-107.497,1959.574,NAD83(2011) / North Carolina
27,2338408.154,111944.099,-115.865,T02_8,-77.88291294,34.05233533,-115.865,0.033,0.033,0.043,0.046,6.345,ft,FIX,2022-09-19 09:37:25.4 UTC-04:00,2022-09-19 09:37:25.4 UTC-04:00,1,1.2,2338686.547,113886.454,-107.497,-77.88192181,34.05766319,-107.497,1962.021,NAD83(2011) / North Carolina
28,2338417.233,111941.293,-116.773,T02_9,-77.88288308,34.05232734,-116.773,0.033,0.033,0.043,0.046,6.345,ft,FIX,2022-09-19 09:37:39.2 UTC-04:00,2022-09-19 09:37:39.2 UTC-04:00,1,1.2,2338686.547,113886.454,-107.497,-77.88192181,34.05766319,-107.497,1963.534,NAD83(2011) / North Carolina
29,2338427.518,111938.053,-117.379,T02_10,-77.88284925,34.05231812,-117.379,0.033,0.033,0.043,0.046,6.345,ft,FIX,2022-09-19 09:37:52.2 UTC-04:00,2022-09-19 09:37:52.2 UTC-04:00,1,1.2,2338686.547,113886.454,-107.497,-77.88192181,34.05766319,-107.497,1965.363,NAD83(2011) / North Carolina
30,2338436.532,111934.232,-117.149,T02_11,-77.88281964,34.05230734,-117.149,0.033,0.033,0.039,0.046,6.345,ft,FIX,2022-09-19 09:38:04.0 UTC-04:00,2022-09-19 09:38:04.0 UTC-04:00,1,1.2,2338686.547,113886.454,-107.497,-77.88192181,34.05766319,-107.497,1967.985,NAD83(2011) / North Carolina
31,2338447.596,111929.442,-116.812,T02_12,-77.88278329,34.05229384,-116.812,0.033,0.033,0.039,0.046,6.345,ft,FIX,2022-09-19 09:38:17.6 UTC-04:00,2022-09-19 09:38:17.6 UTC-04:00,1,1.2,2338686.547,113886.454,-107.497,-77.88192181,34.05766319,-107.497,1971.362,NAD83(2011) / North Carolina
32,2338462.427,111921.826,-116.512,T02_13,-77.88273462,34.05227246,-116.512,0.033,0.033,0.039,0.046,6.345,ft,FIX,2022-09-19 09:38:31.8 UTC-04:00,2022-09-19 09:38:31.8 UTC-04:00,1,1.2,2338686.547,113886.454,-107.497,-77.88192181,34.05766319,-107.497,1977.186,NAD83(2011) / North Carolina
33,2338478.901,111915.709,-116.096,T02_14,-77.88268047,34.05225514,-116.096,0.033,0.033,0.039,0.046,6.345,ft,FIX,2022-09-19 09:38:52.2 UTC-04:00,2022-09-19 09:38:52.2 UTC-04:00,1,1.2,2338686.547,113886.454,-107.497,-77.88192181,34.05766319,-107.497,1981.470,NAD83(2011) / North Carolina
34,2338485.744,111912.292,-115.958,T02_15,-77.88265801,34.05224554,-115.958,0.033,0.033,0.036,0.046,6.345,ft,FIX,2022-09-19 09:39:09.2 UTC-04:00,2022-09-19 09:39:09.2 UTC-04:00,1,1.2,2338686.547,113886.454,-107.497,-77.88192181,34.05766319,-107.497,1984.163,NAD83(2011) / North Carolina
35,2338495.023,111907.697,-115.823,T02_16,-77.88262756,34.05223263,-115.823,0.033,0.033,0.039,0.046,6.345,ft,FIX,2022-09-19 09:39:31.8 UTC-04:00,2022-09-19 09:39:31.8 UTC-04:00,1,1.2,2338686.547,113886.454,-107.497,-77.88192181,34.05766319,-107.497,1987.819,NAD83(2011) / North Carolina
36,2338502.648,111903.737,-116.415,T02_17,-77.88260253,34.05222151,-116.415,0.033,0.033,0.039,0.046,6.345,ft,FIX,2022-09-19 09:39:47.8 UTC-04:00,2022-09-19 09:39:47.8 UTC-04:00,1,1.2,2338686.547,113886.454,-107.497,-77.88192181,34.05766319,-107.497,1991.042,NAD83(2011) / North Carolina
37,2338508.867,111900.802,-116.947,T02_18,-77.88258211,34.05221326,-116.947,0.033,0.033,0.043,0.046,6.345,ft,FIX,2022-09-19 09:40:03.6 UTC-04:00,2022-09-19 09:40:03.6 UTC-04:00,1,1.2,2338686.547,113886.454,-107.497,-77.88192181,34.05766319,-107.497,1993.400,NAD83(2011) / North Carolina
38,2338521.884,111894.362,-117.187,T02_19,-77.88253939,34.05219516,-117.187,0.033,0.033,0.046,0.046,6.345,ft,FIX,2022-09-19 09:40:19.2 UTC-04:00,2022-09-19 09:40:19.2 UTC-04:00,1,1.2,2338686.547,113886.454,-107.497,-77.88192181,34.05766319,-107.497,1998.701,NAD83(2011) / North Carolina
39,2338530.444,111890.839,-118.132,T02_20,-77.88251127,34.05218522,-118.132,0.033,0.033,0.043,0.046,6.345,ft,FIX,2022-09-19 09:40:38.2 UTC-04:00,2022-09-19 09:40:38.2 UTC-04:00,1,1.2,2338686.547,113886.454,-107.497,-77.88192181,34.05766319,-107.497,2001.527,NAD83(2011) / North Carolina
40,2338539.243,111887.570,-119.076,T02_21,-77.88248234,34.05217596,-119.076,0.033,0.033,0.046,0.046,6.345,ft,FIX,2022-09-19 09:41:02.2 UTC-04:00,2022-09-19 09:41:02.2 UTC-04:00,1,1.2,2338686.547,113886.454,-107.497,-77.88192181,34.05766319,-107.497,2004.123,NAD83(2011) / North Carolina
41,2338552.227,111882.897,-119.637,T02_22,-77.88243966,34.05216272,-119.637,0.033,0.033,0.043,0.046,6.345,ft,FIX,2022-09-19 09:41:15.8 UTC-04:00,2022-09-19 09:41:15.8 UTC-04:00,1,1.2,2338686.547,113886.454,-107.497,-77.88192181,34.05766319,-107.497,2007.874,NAD83(2011) / North Carolina
42,2338567.713,111876.710,-120.372,T02_23,-77.88238877,34.05214525,-120.372,0.033,0.033,0.052,0.046,6.345,ft,FIX,2022-09-19 09:41:31.2 UTC-04:00,2022-09-19 09:41:31.2 UTC-04:00,1,1.2,2338686.547,113886.454,-107.497,-77.88192181,34.05766319,-107.497,2013.075,NAD83(2011) / North Carolina
43,2338578.228,111872.853,-121.147,T02_24,-77.88235421,34.05213432,-121.147,0.033,0.033,0.046,0.046,6.345,ft,FIX,2022-09-19 09:41:45.2 UTC-04:00,2022-09-19 09:41:45.2 UTC-04:00,1,1.2,2338686.547,113886.454,-107.497,-77.88192181,34.05766319,-107.497,2016.336,NAD83(2011) / North Carolina
44,2338588.225,111869.172,-121.972,T02_25_WL,-77.88232135,34.05212390,-121.972,0.033,0.033,0.046,0.046,6.345,ft,FIX,2022-09-19 09:42:03.6 UTC-04:00,2022-09-19 09:42:03.6 UTC-04:00,1,1.2,2338686.547,113886.454,-107.497,-77.88192181,34.05766319,-107.497,2019.504,NAD83(2011) / North Carolina
45,2338610.097,111861.932,-123.772,T02_26,-77.88224943,34.05210333,-123.772,0.033,0.033,0.049,0.046,6.345,ft,FIX,2022-09-19 09:42:22.0 UTC-04:00,2022-09-19 09:42:22.0 UTC-04:00,1,1.2,2338686.547,113886.454,-107.497,-77.88192181,34.05766319,-107.497,2025.799,NAD83(2011) / North Carolina
46,2338624.781,111855.637,-125.031,T02_27,-77.88220119,34.05208558,-125.031,0.033,0.033,0.043,0.046,6.345,ft,FIX,2022-09-19 09:42:33.4 UTC-04:00,2022-09-19 09:42:33.4 UTC-04:00,1,1.2,2338686.547,113886.454,-107.497,-77.88192181,34.05766319,-107.497,2031.595,NAD83(2011) / North Carolina
47,2337295.523,109579.825,-111.280,T03_1,-77.88667300,34.04587401,-111.280,0.033,0.033,0.043,0.046,6.345,ft,FIX,2022-09-19 09:53:51.4 UTC-04:00,2022-09-19 09:53:51.4 UTC-04:00,1,1.1,2338686.547,113886.454,-107.497,-77.88192181,34.05766319,-107.497,4525.276,NAD83(2011) / North Carolina
48,2337319.392,109571.659,-110.733,T03_2,-77.88659452,34.04585084,-110.733,0.033,0.033,0.033,0.046,6.345,ft,FIX,2022-09-19 09:54:14.0 UTC-04:00,2022-09-19 09:54:14.0 UTC-04:00,1,1.1,2338686.547,113886.454,-107.497,-77.88192181,34.05766319,-107.497,4525.781,NAD83(2011) / North Carolina
49,2337333.916,109566.925,-109.641,T03_3,-77.88654676,34.04583738,-109.641,0.033,0.033,0.033,0.046,6.345,ft,FIX,2022-09-19 09:54:26.0 UTC-04:00,2022-09-19 09:54:26.0 UTC-04:00,1,1.1,2338686.547,113886.454,-107.497,-77.88192181,34.05766319,-107.497,4525.933,NAD83(2011) / North Carolina
50,2337343.285,109563.931,-108.285,T03_4,-77.88651595,34.04582887,-108.285,0.033,0.033,0.033,0.046,6.345,ft,FIX,2022-09-19 09:54:38.4 UTC-04:00,2022-09-19 09:54:38.4 UTC-04:00,1,1.1,2338686.547,113886.454,-107.497,-77.88192181,34.05766319,-107.497,4526.002,NAD83(2011) / North Carolina
51,2337355.335,109560.086,-107.728,T03_5,-77.88647632,34.04581794,-107.728,0.033,0.033,0.039,0.046,6.345,ft,FIX,2022-09-19 09:54:50.0 UTC-04:00,2022-09-19 09:54:50.0 UTC-04:00,1,1.1,2338686.547,113886.454,-107.497,-77.88192181,34.05766319,-107.497,4526.117,NAD83(2011) / North Carolina
52,2337364.321,109556.732,-106.053,T03_6,-77.88644678,34.04580844,-106.053,0.033,0.033,0.043,0.046,6.345,ft,FIX,2022-09-19 09:55:08.0 UTC-04:00,2022-09-19 09:55:08.0 UTC-04:00,1,1.1,2338686.547,113886.454,-107.497,-77.88192181,34.05766319,-107.497,4526.693,NAD83(2011) / North Carolina
53,2337372.110,109553.350,-106.004,T03_7,-77.88642120,34.04579891,-106.004,0.033,0.033,0.039,0.046,6.345,ft,FIX,2022-09-19 09:55:17.4 UTC-04:00,2022-09-19 09:55:17.4 UTC-04:00,1,1.1,2338686.547,113886.454,-107.497,-77.88192181,34.05766319,-107.497,4527.660,NAD83(2011) / North Carolina
54,2337378.576,109550.140,-105.510,T03_8,-77.88639998,34.04578989,-105.510,0.033,0.033,0.036,0.046,6.345,ft,FIX,2022-09-19 09:55:32.0 UTC-04:00,2022-09-19 09:55:32.0 UTC-04:00,1,1.1,2338686.547,113886.454,-107.497,-77.88192181,34.05766319,-107.497,4528.861,NAD83(2011) / North Carolina
55,2337385.115,109546.046,-105.299,T03_9,-77.88637855,34.04577844,-105.299,0.033,0.033,0.039,0.046,6.345,ft,FIX,2022-09-19 09:55:53.8 UTC-04:00,2022-09-19 09:55:53.8 UTC-04:00,1,1.1,2338686.547,113886.454,-107.497,-77.88192181,34.05766319,-107.497,4530.900,NAD83(2011) / North Carolina
56,2337391.273,109543.125,-106.755,T03_10,-77.88635833,34.04577023,-106.755,0.033,0.033,0.039,0.046,6.345,ft,FIX,2022-09-19 09:56:07.0 UTC-04:00,2022-09-19 09:56:07.0 UTC-04:00,1,1.1,2338686.547,113886.454,-107.497,-77.88192181,34.05766319,-107.497,4531.931,NAD83(2011) / North Carolina
57,2337399.569,109544.385,-110.361,T03_11,-77.88633091,34.04577344,-110.361,0.033,0.033,0.039,0.046,6.345,ft,FIX,2022-09-19 09:56:38.0 UTC-04:00,2022-09-19 09:56:38.0 UTC-04:00,1,1.1,2338686.547,113886.454,-107.497,-77.88192181,34.05766319,-107.497,4528.354,NAD83(2011) / North Carolina
58,2337402.681,109542.881,-111.673,T03_12,-77.88632069,34.04576921,-111.673,0.033,0.033,0.039,0.046,6.345,ft,FIX,2022-09-19 09:56:56.6 UTC-04:00,2022-09-19 09:56:56.6 UTC-04:00,1,1.1,2338686.547,113886.454,-107.497,-77.88192181,34.05766319,-107.497,4528.912,NAD83(2011) / North Carolina
59,2337408.798,109541.067,-112.738,T03_13,-77.88630057,34.04576403,-112.738,0.033,0.033,0.039,0.046,6.345,ft,FIX,2022-09-19 09:57:11.0 UTC-04:00,2022-09-19 09:57:11.0 UTC-04:00,1,1.1,2338686.547,113886.454,-107.497,-77.88192181,34.05766319,-107.497,4528.923,NAD83(2011) / North Carolina
60,2337420.717,109536.906,-113.235,T03_14,-77.88626138,34.04575223,-113.235,0.033,0.033,0.039,0.046,6.345,ft,FIX,2022-09-19 09:57:25.6 UTC-04:00,2022-09-19 09:57:25.6 UTC-04:00,1,1.1,2338686.547,113886.454,-107.497,-77.88192181,34.05766319,-107.497,4529.569,NAD83(2011) / North Carolina
61,2337435.679,109531.575,-114.068,T03_15,-77.88621220,34.04573713,-114.068,0.033,0.033,0.046,0.046,6.345,ft,FIX,2022-09-19 09:57:41.0 UTC-04:00,2022-09-19 09:57:41.0 UTC-04:00,1,1.1,2338686.547,113886.454,-107.497,-77.88192181,34.05766319,-107.497,4530.535,NAD83(2011) / North Carolina
62,2337448.754,109527.024,-115.384,T03_16,-77.88616921,34.04572422,-115.384,0.033,0.033,0.039,0.046,6.345,ft,FIX,2022-09-19 09:57:53.8 UTC-04:00,2022-09-19 09:57:53.8 UTC-04:00,1,1.1,2338686.547,113886.454,-107.497,-77.88192181,34.05766319,-107.497,4531.319,NAD83(2011) / North Carolina
63,2337457.319,109523.307,-116.146,T03_17,-77.88614108,34.04571374,-116.146,0.033,0.033,0.039,0.046,6.345,ft,FIX,2022-09-19 09:58:13.4 UTC-04:00,2022-09-19 09:58:13.4 UTC-04:00,1,1.1,2338686.547,113886.454,-107.497,-77.88192181,34.05766319,-107.497,4532.565,NAD83(2011) / North Carolina
64,2337467.613,109518.680,-117.099,T03_18,-77.88610728,34.04570071,-117.099,0.033,0.033,0.039,0.046,6.345,ft,FIX,2022-09-19 09:58:28.2 UTC-04:00,2022-09-19 09:58:28.2 UTC-04:00,1,1.1,2338686.547,113886.454,-107.497,-77.88192181,34.05766319,-107.497,4534.242,NAD83(2011) / North Carolina
65,2337484.562,109511.761,-117.379,T03_19,-77.88605159,34.04568118,-117.379,0.033,0.033,0.036,0.046,6.345,ft,FIX,2022-09-19 09:58:43.4 UTC-04:00,2022-09-19 09:58:43.4 UTC-04:00,1,1.1,2338686.547,113886.454,-107.497,-77.88192181,34.05766319,-107.497,4536.386,NAD83(2011) / North Carolina
66,2337503.915,109502.560,-117.497,T03_20,-77.88598806,34.04565531,-117.497,0.033,0.033,0.039,0.046,6.345,ft,FIX,2022-09-19 09:58:58.6 UTC-04:00,2022-09-19 09:58:58.6 UTC-04:00,1,1.1,2338686.547,113886.454,-107.497,-77.88192181,34.05766319,-107.497,4540.180,NAD83(2011) / North Carolina
67,2337517.134,109495.897,-116.703,T03_21,-77.88594468,34.04563659,-116.703,0.033,0.033,0.043,0.046,6.345,ft,FIX,2022-09-19 09:59:11.4 UTC-04:00,2022-09-19 09:59:11.4 UTC-04:00,1,1.1,2338686.547,113886.454,-107.497,-77.88192181,34.05766319,-107.497,4543.193,NAD83(2011) / North Carolina
68,2337536.240,109489.453,-116.244,T03_22,-77.88588186,34.04561830,-116.244,0.033,0.033,0.043,0.046,6.345,ft,FIX,2022-09-19 09:59:29.0 UTC-04:00,2022-09-19 09:59:29.0 UTC-04:00,1,1.1,2338686.547,113886.454,-107.497,-77.88192181,34.05766319,-107.497,4544.547,NAD83(2011) / North Carolina
69,2337549.348,109483.158,-116.000,T03_23,-77.88583883,34.04560060,-116.000,0.033,0.033,0.043,0.046,6.345,ft,FIX,2022-09-19 09:59:43.8 UTC-04:00,2022-09-19 09:59:43.8 UTC-04:00,1,1.1,2338686.547,113886.454,-107.497,-77.88192181,34.05766319,-107.497,4547.341,NAD83(2011) / North Carolina
70,2337565.104,109480.201,-115.814,T03_24,-77.88578694,34.04559199,-115.814,0.033,0.033,0.046,0.046,6.345,ft,FIX,2022-09-19 10:00:00.8 UTC-04:00,2022-09-19 10:00:00.8 UTC-04:00,1,1.1,2338686.547,113886.454,-107.497,-77.88192181,34.05766319,-107.497,4546.293,NAD83(2011) / North Carolina
71,2337576.947,109476.923,-116.030,T03_25,-77.88574797,34.04558262,-116.030,0.033,0.033,0.046,0.046,6.345,ft,FIX,2022-09-19 10:00:14.0 UTC-04:00,2022-09-19 10:00:14.0 UTC-04:00,1,1.1,2338686.547,113886.454,-107.497,-77.88192181,34.05766319,-107.497,4546.565,NAD83(2011) / North Carolina
72,2337593.911,109471.277,-116.706,T03_26,-77.88569219,34.04556658,-116.706,0.033,0.033,0.046,0.046,6.345,ft,FIX,2022-09-19 10:00:32.8 UTC-04:00,2022-09-19 10:00:32.8 UTC-04:00,1,1.1,2338686.547,113886.454,-107.497,-77.88192181,34.05766319,-107.497,4547.936,NAD83(2011) / North Carolina
73,2337603.511,109466.833,-116.805,T03_27,-77.88566067,34.04555408,-116.805,0.033,0.033,0.043,0.046,6.345,ft,FIX,2022-09-19 10:00:49.2 UTC-04:00,2022-09-19 10:00:49.2 UTC-04:00,1,1.1,2338686.547,113886.454,-107.497,-77.88192181,34.05766319,-107.497,4549.954,NAD83(2011) / North Carolina
74,2337610.950,109462.636,-117.505,T03_28,-77.88563627,34.04554232,-117.505,0.033,0.033,0.049,0.046,6.345,ft,FIX,2022-09-19 10:01:03.4 UTC-04:00,2022-09-19 10:01:03.4 UTC-04:00,1,1.1,2338686.547,113886.454,-107.497,-77.88192181,34.05766319,-107.497,4552.268,NAD83(2011) / North Carolina
75,2337618.667,109459.039,-118.594,T03_29,-77.88561094,34.04553220,-118.594,0.033,0.033,0.049,0.046,6.345,ft,FIX,2022-09-19 10:01:14.6 UTC-04:00,2022-09-19 10:01:14.6 UTC-04:00,1,1.1,2338686.547,113886.454,-107.497,-77.88192181,34.05766319,-107.497,4553.949,NAD83(2011) / North Carolina
76,2337625.794,109455.323,-118.972,T03_30,-77.88558755,34.04552177,-118.972,0.033,0.033,0.033,0.046,6.345,ft,FIX,2022-09-19 10:01:46.6 UTC-04:00,2022-09-19 10:01:46.6 UTC-04:00,1,1.1,2338686.547,113886.454,-107.497,-77.88192181,34.05766319,-107.497,4555.896,NAD83(2011) / North Carolina
77,2337637.605,109449.341,-119.418,T03_31,-77.88554879,34.04550497,-119.418,0.033,0.033,0.033,0.046,6.345,ft,FIX,2022-09-19 10:02:02.6 UTC-04:00,2022-09-19 10:02:02.6 UTC-04:00,1,1.1,2338686.547,113886.454,-107.497,-77.88192181,34.05766319,-107.497,4558.983,NAD83(2011) / North Carolina
78,2337646.877,109445.224,-119.883,T03_32,-77.88551834,34.04549337,-119.883,0.033,0.033,0.033,0.046,6.345,ft,FIX,2022-09-19 10:02:17.4 UTC-04:00,2022-09-19 10:02:17.4 UTC-04:00,1,1.1,2338686.547,113886.454,-107.497,-77.88192181,34.05766319,-107.497,4560.868,NAD83(2011) / North Carolina
79,2337659.885,109439.937,-121.018,T03_33,-77.88547560,34.04547844,-121.018,0.033,0.033,0.033,0.046,6.345,ft,FIX,2022-09-19 10:02:34.0 UTC-04:00,2022-09-19 10:02:34.0 UTC-04:00,1,1.1,2338686.547,113886.454,-107.497,-77.88192181,34.05766319,-107.497,4563.072,NAD83(2011) / North Carolina
80,2337668.460,109436.680,-121.745,T03_34_WL,-77.88544742,34.04546923,-121.745,0.033,0.033,0.036,0.046,6.345,ft,FIX,2022-09-19 10:02:46.6 UTC-04:00,2022-09-19 10:02:46.6 UTC-04:00,1,1.1,2338686.547,113886.454,-107.497,-77.88192181,34.05766319,-107.497,4564.327,NAD83(2011) / North Carolina
81,2337691.438,109433.225,-123.558,T03_35,-77.88537171,34.04545903,-123.558,0.033,0.033,0.033,0.046,6.345,ft,FIX,2022-09-19 10:03:00.4 UTC-04:00,2022-09-19 10:03:00.4 UTC-04:00,1,1.1,2338686.547,113886.454,-107.497,-77.88192181,34.05766319,-107.497,4562.632,NAD83(2011) / North Carolina
82,2337709.041,109430.365,-124.476,T03_36,-77.88531372,34.04545063,-124.476,0.033,0.033,0.033,0.046,6.345,ft,FIX,2022-09-19 10:03:13.4 UTC-04:00,2022-09-19 10:03:13.4 UTC-04:00,1,1.1,2338686.547,113886.454,-107.497,-77.88192181,34.05766319,-107.497,4561.622,NAD83(2011) / North Carolina
84,2336137.453,105872.516,-100.400,T04_1,-77.89063197,34.03572410,-100.400,0.033,0.033,0.036,0.046,6.345,ft,FIX,2022-09-19 10:38:14.4 UTC-04:00,2022-09-19 10:38:14.4 UTC-04:00,1,1.3,2336116.379,105942.931,-104.347,-77.89069892,34.03591821,-104.347,74.212,NAD83(2011) / North Carolina
85,2336142.832,105871.142,-101.099,T04_2,-77.89061427,34.03572016,-101.099,0.033,0.033,0.039,0.046,6.345,ft,FIX,2022-09-19 10:38:28.0 UTC-04:00,2022-09-19 10:38:28.0 UTC-04:00,1,1.3,2336116.379,105942.931,-104.347,-77.89069892,34.03591821,-104.347,77.100,NAD83(2011) / North Carolina
86,2336149.560,105869.177,-103.115,T04_3,-77.89059214,34.03571455,-103.115,0.033,0.033,0.036,0.046,6.345,ft,FIX,2022-09-19 10:38:45.2 UTC-04:00,2022-09-19 10:38:45.2 UTC-04:00,1,1.3,2336116.379,105942.931,-104.347,-77.89069892,34.03591821,-104.347,81.220,NAD83(2011) / North Carolina
87,2336155.929,105867.726,-105.896,T04_4,-77.89057117,34.03571037,-105.896,0.033,0.033,0.043,0.046,6.345,ft,FIX,2022-09-19 10:39:02.4 UTC-04:00,2022-09-19 10:39:02.4 UTC-04:00,1,1.3,2336116.379,105942.931,-104.347,-77.89069892,34.03591821,-104.347,85.098,NAD83(2011) / North Carolina
88,2336160.671,105866.276,-107.472,T04_5,-77.89055557,34.03570624,-107.472,0.033,0.033,0.036,0.046,6.345,ft,FIX,2022-09-19 10:39:18.6 UTC-04:00,2022-09-19 10:39:18.6 UTC-04:00,1,1.3,2336116.379,105942.931,-104.347,-77.89069892,34.03591821,-104.347,88.581,NAD83(2011) / North Carolina
89,2336166.797,105864.003,-109.614,T04_6,-77.89053544,34.03569981,-109.614,0.033,0.033,0.043,0.046,6.345,ft,FIX,2022-09-19 10:39:32.2 UTC-04:00,2022-09-19 10:39:32.2 UTC-04:00,1,1.3,2336116.379,105942.931,-104.347,-77.89069892,34.03591821,-104.347,93.654,NAD83(2011) / North Carolina
90,2336175.158,105861.605,-111.306,T04_7,-77.89050794,34.03569296,-111.306,0.033,0.033,0.039,0.046,6.345,ft,FIX,2022-09-19 10:39:45.6 UTC-04:00,2022-09-19 10:39:45.6 UTC-04:00,1,1.3,2336116.379,105942.931,-104.347,-77.89069892,34.03591821,-104.347,100.336,NAD83(2011) / North Carolina
91,2336184.097,105859.046,-113.028,T04_8,-77.89047853,34.03568566,-113.028,0.033,0.033,0.043,0.046,6.345,ft,FIX,2022-09-19 10:39:58.8 UTC-04:00,2022-09-19 10:39:58.8 UTC-04:00,1,1.3,2336116.379,105942.931,-104.347,-77.89069892,34.03591821,-104.347,107.822,NAD83(2011) / North Carolina
92,2336191.627,105856.999,-114.072,T04_9,-77.89045376,34.03567980,-114.072,0.033,0.033,0.049,0.046,6.345,ft,FIX,2022-09-19 10:40:15.6 UTC-04:00,2022-09-19 10:40:15.6 UTC-04:00,1,1.3,2336116.379,105942.931,-104.347,-77.89069892,34.03591821,-104.347,114.260,NAD83(2011) / North Carolina
93,2336199.767,105853.818,-114.921,T04_10,-77.89042702,34.03567081,-114.921,0.033,0.033,0.043,0.046,6.345,ft,FIX,2022-09-19 10:40:29.0 UTC-04:00,2022-09-19 10:40:29.0 UTC-04:00,1,1.3,2336116.379,105942.931,-104.347,-77.89069892,34.03591821,-104.347,122.105,NAD83(2011) / North Carolina
94,2336208.832,105850.387,-115.978,T04_11,-77.89039722,34.03566111,-115.978,0.033,0.033,0.049,0.046,6.345,ft,FIX,2022-09-19 10:40:44.0 UTC-04:00,2022-09-19 10:40:44.0 UTC-04:00,1,1.3,2336116.379,105942.931,-104.347,-77.89069892,34.03591821,-104.347,130.907,NAD83(2011) / North Carolina
95,2336221.282,105845.439,-116.177,T04_12,-77.89035632,34.03564713,-116.177,0.033,0.033,0.046,0.046,6.345,ft,FIX,2022-09-19 10:41:02.4 UTC-04:00,2022-09-19 10:41:02.4 UTC-04:00,1,1.3,2336116.379,105942.931,-104.347,-77.89069892,34.03591821,-104.347,143.301,NAD83(2011) / North Carolina
96,2336234.407,105840.859,-116.521,T04_13,-77.89031318,34.03563415,-116.521,0.033,0.033,0.036,0.046,6.345,ft,FIX,2022-09-19 10:41:17.4 UTC-04:00,2022-09-19 10:41:17.4 UTC-04:00,1,1.3,2336116.379,105942.931,-104.347,-77.89069892,34.03591821,-104.347,156.136,NAD83(2011) / North Carolina
97,2336249.747,105835.134,-116.637,T04_14,-77.89026276,34.03561795,-116.637,0.033,0.033,0.036,0.046,6.345,ft,FIX,2022-09-19 10:41:33.0 UTC-04:00,2022-09-19 10:41:33.0 UTC-04:00,1,1.3,2336116.379,105942.931,-104.347,-77.89069892,34.03591821,-104.347,171.571,NAD83(2011) / North Carolina
98,2336263.868,105830.208,-116.691,T04_15,-77.89021634,34.03560398,-116.691,0.033,0.033,0.043,0.046,6.345,ft,FIX,2022-09-19 10:44:44.2 UTC-04:00,2022-09-19 10:44:44.2 UTC-04:00,1,1.3,2336116.379,105942.931,-104.347,-77.89069892,34.03591821,-104.347,185.711,NAD83(2011) / North Carolina
99,2336278.059,105825.764,-116.091,T04_16,-77.89016968,34.03559134,-116.091,0.033,0.033,0.043,0.046,6.345,ft,FIX,2022-09-19 10:45:01.6 UTC-04:00,2022-09-19 10:45:01.6 UTC-04:00,1,1.3,2336116.379,105942.931,-104.347,-77.89069892,34.03591821,-104.347,199.724,NAD83(2011) / North Carolina
100,2336287.530,105821.986,-115.702,T04_17,-77.89013856,34.03558066,-115.702,0.033,0.033,0.046,0.046,6.345,ft,FIX,2022-09-19 10:45:16.2 UTC-04:00,2022-09-19 10:45:16.2 UTC-04:00,1,1.3,2336116.379,105942.931,-104.347,-77.89069892,34.03591821,-104.347,209.611,NAD83(2011) / North Carolina
101,2336297.050,105818.147,-115.238,T04_18,-77.89010729,34.03556982,-115.238,0.033,0.033,0.043,0.046,6.345,ft,FIX,2022-09-19 10:45:33.2 UTC-04:00,2022-09-19 10:45:33.2 UTC-04:00,1,1.3,2336116.379,105942.931,-104.347,-77.89069892,34.03591821,-104.347,219.599,NAD83(2011) / North Carolina
102,2336305.426,105814.610,-114.987,T04_19,-77.89007977,34.03555985,-114.987,0.033,0.033,0.046,0.046,6.345,ft,FIX,2022-09-19 10:45:47.6 UTC-04:00,2022-09-19 10:45:47.6 UTC-04:00,1,1.3,2336116.379,105942.931,-104.347,-77.89069892,34.03591821,-104.347,228.502,NAD83(2011) / North Carolina
103,2336308.693,105813.486,-115.396,T04_20,-77.89006903,34.03555666,-115.396,0.033,0.033,0.046,0.046,6.345,ft,FIX,2022-09-19 10:45:59.6 UTC-04:00,2022-09-19 10:45:59.6 UTC-04:00,1,1.3,2336116.379,105942.931,-104.347,-77.89069892,34.03591821,-104.347,231.845,NAD83(2011) / North Carolina
104,2336312.705,105811.894,-116.245,T04_21,-77.89005585,34.03555216,-116.245,0.033,0.033,0.049,0.046,6.345,ft,FIX,2022-09-19 10:46:11.4 UTC-04:00,2022-09-19 10:46:11.4 UTC-04:00,1,1.3,2336116.379,105942.931,-104.347,-77.89069892,34.03591821,-104.347,236.081,NAD83(2011) / North Carolina
105,2336318.778,105810.116,-117.116,T04_22,-77.89003588,34.03554709,-117.116,0.033,0.033,0.056,0.046,6.345,ft,FIX,2022-09-19 10:46:23.0 UTC-04:00,2022-09-19 10:46:23.0 UTC-04:00,1,1.4,2336116.379,105942.931,-104.347,-77.89069892,34.03591821,-104.347,242.146,NAD83(2011) / North Carolina
106,2336326.542,105807.225,-117.975,T04_23,-77.89001036,34.03553891,-117.975,0.033,0.033,0.059,0.046,6.345,ft,FIX,2022-09-19 10:46:38.6 UTC-04:00,2022-09-19 10:46:38.6 UTC-04:00,1,1.5,2336116.379,105942.931,-104.347,-77.89069892,34.03591821,-104.347,250.250,NAD83(2011) / North Carolina
107,2336335.459,105803.365,-118.934,T04_24,-77.88998108,34.03552803,-118.934,0.033,0.033,0.056,0.046,6.345,ft,FIX,2022-09-19 10:46:53.8 UTC-04:00,2022-09-19 10:46:53.8 UTC-04:00,1,1.5,2336116.379,105942.931,-104.347,-77.89069892,34.03591821,-104.347,259.864,NAD83(2011) / North Carolina
108,2336345.269,105799.368,-119.899,T04_25,-77.88994885,34.03551675,-119.899,0.033,0.033,0.062,0.046,6.345,ft,FIX,2022-09-19 10:47:07.2 UTC-04:00,2022-09-19 10:47:07.2 UTC-04:00,1,1.5,2336116.379,105942.931,-104.347,-77.89069892,34.03591821,-104.347,270.316,NAD83(2011) / North Carolina
109,2336357.829,105794.577,-120.818,T04_26,-77.88990758,34.03550320,-120.818,0.033,0.033,0.052,0.046,6.345,ft,FIX,2022-09-19 10:47:35.4 UTC-04:00,2022-09-19 10:47:35.4 UTC-04:00,1,1.3,2336116.379,105942.931,-104.347,-77.89069892,34.03591821,-104.347,283.538,NAD83(2011) / North Carolina
110,2336365.519,105792.877,-121.427,T04_27,-77.88988226,34.03549829,-121.427,0.033,0.033,0.062,0.046,6.345,ft,FIX,2022-09-19 10:48:30.0 UTC-04:00,2022-09-19 10:48:30.0 UTC-04:00,1,1.3,2336116.379,105942.931,-104.347,-77.89069892,34.03591821,-104.347,291.007,NAD83(2011) / North Carolina
111,2336374.853,105789.196,-122.045,T04_28,-77.88985160,34.03548789,-122.045,0.033,0.033,0.056,0.046,6.345,ft,FIX,2022-09-19 10:48:44.2 UTC-04:00,2022-09-19 10:48:44.2 UTC-04:00,1,1.3,2336116.379,105942.931,-104.347,-77.89069892,34.03591821,-104.347,300.922,NAD83(2011) / North Carolina
112,2336384.528,105784.923,-122.466,T04_29,-77.88981983,34.03547586,-122.466,0.033,0.033,0.049,0.046,6.345,ft,FIX,2022-09-19 10:49:05.4 UTC-04:00,2022-09-19 10:49:05.4 UTC-04:00,1,1.3,2336116.379,105942.931,-104.347,-77.89069892,34.03591821,-104.347,311.431,NAD83(2011) / North Carolina
113,2336391.401,105781.708,-122.825,T04_30_WL,-77.88979726,34.03546681,-122.825,0.033,0.033,0.033,0.046,6.345,ft,FIX,2022-09-19 10:49:52.8 UTC-04:00,2022-09-19 10:49:52.8 UTC-04:00,1,1.3,2336116.379,105942.931,-104.347,-77.89069892,34.03591821,-104.347,318.994,NAD83(2011) / North Carolina
114,2336409.107,105778.211,-123.466,T04_31,-77.88973896,34.03545666,-123.466,0.033,0.033,0.039,0.046,6.345,ft,FIX,2022-09-19 10:50:06.8 UTC-04:00,2022-09-19 10:50:06.8 UTC-04:00,1,1.3,2336116.379,105942.931,-104.347,-77.89069892,34.03591821,-104.347,336.099,NAD83(2011) / North Carolina
115,2336424.117,105773.417,-123.873,T04_32,-77.88968960,34.03544303,-123.873,0.033,0.033,0.033,0.046,6.345,ft,FIX,2022-09-19 10:50:18.2 UTC-04:00,2022-09-19 10:50:18.2 UTC-04:00,1,1.3,2336116.379,105942.931,-104.347,-77.89069892,34.03591821,-104.347,351.549,NAD83(2011) / North Carolina
116,2336442.825,105764.867,-124.836,T04_33,-77.88962818,34.03541896,-124.836,0.033,0.033,0.039,0.046,6.345,ft,FIX,2022-09-19 10:50:29.8 UTC-04:00,2022-09-19 10:50:29.8 UTC-04:00,1,1.3,2336116.379,105942.931,-104.347,-77.89069892,34.03591821,-104.347,372.083,NAD83(2011) / North Carolina
117,2334872.975,102060.814,-106.032,T05_1,-77.89494491,34.02529052,-106.032,0.033,0.033,0.046,0.046,6.345,ft,FIX,2022-09-19 11:07:49.2 UTC-04:00,2022-09-19 11:07:49.2 UTC-04:00,1,1.4,2336370.035,105767.597,-119.324,-77.88986829,34.03542870,-119.324,3997.315,NAD83(2011) / North Carolina
118,2334877.257,102059.572,-104.398,T05_2,-77.89493083,34.02528698,-104.398,0.033,0.033,0.043,0.046,6.345,ft,FIX,2022-09-19 11:08:11.2 UTC-04:00,2022-09-19 11:08:11.2 UTC-04:00,1,1.4,2336370.035,105767.597,-119.324,-77.88986829,34.03542870,-119.324,3996.874,NAD83(2011) / North Carolina
119,2334880.367,102058.835,-104.053,T05_3,-77.89492059,34.02528486,-104.053,0.033,0.033,0.043,0.046,6.345,ft,FIX,2022-09-19 11:08:34.6 UTC-04:00,2022-09-19 11:08:34.6 UTC-04:00,1,1.4,2336370.035,105767.597,-119.324,-77.88986829,34.03542870,-119.324,3996.399,NAD83(2011) / North Carolina
120,2334886.617,102057.265,-104.445,T05_4,-77.89490003,34.02528036,-104.445,0.033,0.033,0.039,0.046,6.345,ft,FIX,2022-09-19 11:08:49.8 UTC-04:00,2022-09-19 11:08:49.8 UTC-04:00,1,1.4,2336370.035,105767.597,-119.324,-77.88986829,34.03542870,-119.324,3995.530,NAD83(2011) / North Carolina
121,2334890.770,102055.117,-105.946,T05_5,-77.89488640,34.02527433,-105.946,0.033,0.033,0.039,0.046,6.345,ft,FIX,2022-09-19 11:09:03.6 UTC-04:00,2022-09-19 11:09:03.6 UTC-04:00,1,1.4,2336370.035,105767.597,-119.324,-77.88986829,34.03542870,-119.324,3995.978,NAD83(2011) / North Carolina
122,2334896.260,102053.776,-107.481,T05_6,-77.89486834,34.02527047,-107.481,0.033,0.033,0.039,0.046,6.345,ft,FIX,2022-09-19 11:09:17.2 UTC-04:00,2022-09-19 11:09:17.2 UTC-04:00,1,1.4,2336370.035,105767.597,-119.324,-77.88986829,34.03542870,-119.324,3995.188,NAD83(2011) / North Carolina
123,2334900.182,102052.333,-108.668,T05_7,-77.89485545,34.02526639,-108.668,0.033,0.033,0.039,0.046,6.345,ft,FIX,2022-09-19 11:09:32.8 UTC-04:00,2022-09-19 11:09:32.8 UTC-04:00,1,1.4,2336370.035,105767.597,-119.324,-77.88986829,34.03542870,-119.324,3995.079,NAD83(2011) / North Carolina
124,2334902.115,102050.840,-110.085,T05_8,-77.89484912,34.02526223,-110.085,0.033,0.033,0.039,0.046,6.345,ft,FIX,2022-09-19 11:09:51.8 UTC-04:00,2022-09-19 11:09:51.8 UTC-04:00,1,1.4,2336370.035,105767.597,-119.324,-77.88986829,34.03542870,-119.324,3995.750,NAD83(2011) / North Carolina
125,2334907.806,102049.141,-112.071,T05_9,-77.89483041,34.02525739,-112.071,0.033,0.033,0.039,0.046,6.345,ft,FIX,2022-09-19 11:10:06.6 UTC-04:00,2022-09-19 11:10:06.6 UTC-04:00,1,1.4,2336370.035,105767.597,-119.324,-77.88986829,34.03542870,-119.324,3995.238,NAD83(2011) / North Carolina
126,2334913.064,102049.015,-113.076,T05_10,-77.89481306,34.02525688,-113.076,0.033,0.033,0.039,0.046,6.345,ft,FIX,2022-09-19 11:10:24.8 UTC-04:00,2022-09-19 11:10:24.8 UTC-04:00,1,1.4,2336370.035,105767.597,-119.324,-77.88986829,34.03542870,-119.324,3993.430,NAD83(2011) / North Carolina
127,2334919.170,102047.071,-113.959,T05_11,-77.89479299,34.02525135,-113.959,0.033,0.033,0.039,0.046,6.345,ft,FIX,2022-09-19 11:10:39.6 UTC-04:00,2022-09-19 11:10:39.6 UTC-04:00,1,1.4,2336370.035,105767.597,-119.324,-77.88986829,34.03542870,-119.324,3993.015,NAD83(2011) / North Carolina
128,2334925.807,102045.816,-114.969,T05_12,-77.89477113,34.02524770,-114.969,0.033,0.033,0.039,0.046,6.345,ft,FIX,2022-09-19 11:10:52.6 UTC-04:00,2022-09-19 11:10:52.6 UTC-04:00,1,1.4,2336370.035,105767.597,-119.324,-77.88986829,34.03542870,-119.324,3991.776,NAD83(2011) / North Carolina
129,2334937.197,102042.241,-115.602,T05_13,-77.89473368,34.02523753,-115.602,0.036,0.033,0.072,0.049,6.345,ft,FIX,2022-09-19 11:11:07.4 UTC-04:00,2022-09-19 11:11:07.4 UTC-04:00,1,1.4,2336370.035,105767.597,-119.324,-77.88986829,34.03542870,-119.324,3991.004,NAD83(2011) / North Carolina
130,2334948.003,102035.433,-116.451,T05_14,-77.89469828,34.02521850,-116.451,0.033,0.033,0.069,0.046,6.345,ft,FIX,2022-09-19 11:12:05.2 UTC-04:00,2022-09-19 11:12:05.2 UTC-04:00,1,1.4,2336370.035,105767.597,-119.324,-77.88986829,34.03542870,-119.324,3993.497,NAD83(2011) / North Carolina
131,2334960.065,102031.779,-116.781,T05_15,-77.89465861,34.02520809,-116.781,0.033,0.033,0.066,0.046,6.345,ft,FIX,2022-09-19 11:12:18.4 UTC-04:00,2022-09-19 11:12:18.4 UTC-04:00,1,1.4,2336370.035,105767.597,-119.324,-77.88986829,34.03542870,-119.324,3992.636,NAD83(2011) / North Carolina
132,2334975.298,102026.923,-116.688,T05_16,-77.89460852,34.02519428,-116.688,0.033,0.033,0.062,0.046,6.345,ft,FIX,2022-09-19 11:12:32.4 UTC-04:00,2022-09-19 11:12:32.4 UTC-04:00,1,1.4,2336370.035,105767.597,-119.324,-77.88986829,34.03542870,-119.324,3991.833,NAD83(2011) / North Carolina
133,2334991.916,102021.470,-116.191,T05_17,-77.89455389,34.02517879,-116.191,0.033,0.033,0.059,0.046,6.345,ft,FIX,2022-09-19 11:12:45.2 UTC-04:00,2022-09-19 11:12:45.2 UTC-04:00,1,1.4,2336370.035,105767.597,-119.324,-77.88986829,34.03542870,-119.324,3991.176,NAD83(2011) / North Carolina
134,2335005.245,102016.644,-115.740,T05_18,-77.89451008,34.02516512,-115.740,0.033,0.033,0.052,0.046,6.345,ft,FIX,2022-09-19 11:12:59.0 UTC-04:00,2022-09-19 11:12:59.0 UTC-04:00,1,1.4,2336370.035,105767.597,-119.324,-77.88986829,34.03542870,-119.324,3991.129,NAD83(2011) / North Carolina
135,2335019.117,102012.968,-115.381,T05_19,-77.89446445,34.02515460,-115.381,0.033,0.033,0.049,0.046,6.345,ft,FIX,2022-09-19 11:13:14.8 UTC-04:00,2022-09-19 11:13:14.8 UTC-04:00,1,1.4,2336370.035,105767.597,-119.324,-77.88986829,34.03542870,-119.324,3989.867,NAD83(2011) / North Carolina
136,2335027.696,102010.513,-115.203,T05_20,-77.89443623,34.02514759,-115.203,0.033,0.033,0.046,0.046,6.345,ft,FIX,2022-09-19 11:13:30.6 UTC-04:00,2022-09-19 11:13:30.6 UTC-04:00,1,1.4,2336370.035,105767.597,-119.324,-77.88986829,34.03542870,-119.324,3989.283,NAD83(2011) / North Carolina
137,2335035.522,102008.521,-115.035,T05_21,-77.89441048,34.02514188,-115.035,0.033,0.033,0.046,0.046,6.345,ft,FIX,2022-09-19 11:13:45.8 UTC-04:00,2022-09-19 11:13:45.8 UTC-04:00,1,1.4,2336370.035,105767.597,-119.324,-77.88986829,34.03542870,-119.324,3988.535,NAD83(2011) / North Carolina
138,2335042.940,102004.208,-116.041,T05_22,-77.89438616,34.02512980,-116.041,0.033,0.033,0.043,0.046,6.345,ft,FIX,2022-09-19 11:13:57.8 UTC-04:00,2022-09-19 11:13:57.8 UTC-04:00,1,1.4,2336370.035,105767.597,-119.324,-77.88986829,34.03542870,-119.324,3990.123,NAD83(2011) / North Carolina
139,2335050.940,102001.301,-116.844,T05_23,-77.89435987,34.02512157,-116.844,0.033,0.033,0.043,0.046,6.345,ft,FIX,2022-09-19 11:14:07.8 UTC-04:00,2022-09-19 11:14:07.8 UTC-04:00,1,1.4,2336370.035,105767.597,-119.324,-77.88986829,34.03542870,-119.324,3990.211,NAD83(2011) / North Carolina
140,2335060.327,101998.422,-117.885,T05_24,-77.89432900,34.02511337,-117.885,0.033,0.033,0.046,0.046,6.345,ft,FIX,2022-09-19 11:14:20.8 UTC-04:00,2022-09-19 11:14:20.8 UTC-04:00,1,1.4,2336370.035,105767.597,-119.324,-77.88986829,34.03542870,-119.324,3989.836,NAD83(2011) / North Carolina
141,2335071.107,101995.185,-119.010,T05_25,-77.89429355,34.02510415,-119.010,0.033,0.033,0.043,0.046,6.345,ft,FIX,2022-09-19 11:14:32.4 UTC-04:00,2022-09-19 11:14:32.4 UTC-04:00,1,1.4,2336370.035,105767.597,-119.324,-77.88986829,34.03542870,-119.324,3989.369,NAD83(2011) / North Carolina
142,2335082.764,101991.671,-120.071,T05_26,-77.89425522,34.02509414,-120.071,0.033,0.033,0.046,0.046,6.345,ft,FIX,2022-09-19 11:14:55.8 UTC-04:00,2022-09-19 11:14:55.8 UTC-04:00,1,1.4,2336370.035,105767.597,-119.324,-77.88986829,34.03542870,-119.324,3988.914,NAD83(2011) / North Carolina
143,2335092.123,101988.050,-120.849,T05_27,-77.89422447,34.02508391,-120.849,0.033,0.033,0.046,0.046,6.345,ft,FIX,2022-09-19 11:15:08.6 UTC-04:00,2022-09-19 11:15:08.6 UTC-04:00,1,1.4,2336370.035,105767.597,-119.324,-77.88986829,34.03542870,-119.324,3989.332,NAD83(2011) / North Carolina
144,2335106.499,101983.700,-121.984,T05_28_WL,-77.89417719,34.02507151,-121.984,0.033,0.033,0.056,0.046,6.345,ft,FIX,2022-09-19 11:15:30.2 UTC-04:00,2022-09-19 11:15:30.2 UTC-04:00,1,1.4,2336370.035,105767.597,-119.324,-77.88986829,34.03542870,-119.324,3988.875,NAD83(2011) / North Carolina
145,2335116.904,101979.871,-123.003,T05_29,-77.89414300,34.02506068,-123.003,0.033,0.033,0.059,0.046,6.345,ft,FIX,2022-09-19 11:15:44.4 UTC-04:00,2022-09-19 11:15:44.4 UTC-04:00,1,1.4,2336370.035,105767.597,-119.324,-77.88986829,34.03542870,-119.324,3989.226,NAD83(2011) / North Carolina
146,2335133.003,101973.396,-123.983,T05_30,-77.89409012,34.02504239,-123.983,0.033,0.033,0.059,0.046,6.345,ft,FIX,2022-09-19 11:15:54.6 UTC-04:00,2022-09-19 11:15:54.6 UTC-04:00,1,1.4,2336370.035,105767.597,-119.324,-77.88986829,34.03542870,-119.324,3990.353,NAD83(2011) / North Carolina
147,2335145.804,101967.896,-124.714,T05_31,-77.89404808,34.02502689,-124.714,0.033,0.033,0.059,0.046,6.345,ft,FIX,2022-09-19 11:16:07.2 UTC-04:00,2022-09-19 11:16:07.2 UTC-04:00,1,1.4,2336370.035,105767.597,-119.324,-77.88986829,34.03542870,-119.324,3991.638,NAD83(2011) / North Carolina
148,2333652.858,98261.473,-111.467,T06_01,-77.89910996,34.01488942,-111.467,0.033,0.033,0.043,0.046,6.345,ft,FIX,2022-09-19 11:27:39.0 UTC-04:00,2022-09-19 11:27:39.0 UTC-04:00,1,1.4,2333573.477,98446.663,-108.819,-77.89936508,34.01540063,-108.819,201.497,NAD83(2011) / North Carolina
149,2333657.083,98260.173,-111.241,T06_02,-77.89909606,34.01488572,-111.241,0.033,0.033,0.043,0.046,6.345,ft,FIX,2022-09-19 11:27:52.2 UTC-04:00,2022-09-19 11:27:52.2 UTC-04:00,1,1.4,2333573.477,98446.663,-108.819,-77.89936508,34.01540063,-108.819,204.389,NAD83(2011) / North Carolina
150,2333658.922,98256.913,-113.378,T06_03,-77.89909012,34.01487671,-113.378,0.033,0.033,0.043,0.046,6.345,ft,FIX,2022-09-19 11:28:10.8 UTC-04:00,2022-09-19 11:28:10.8 UTC-04:00,1,1.4,2333573.477,98446.663,-108.819,-77.89936508,34.01540063,-108.819,208.086,NAD83(2011) / North Carolina
151,2333662.169,98256.639,-114.362,T06_04,-77.89907941,34.01487586,-114.362,0.033,0.033,0.039,0.046,6.345,ft,FIX,2022-09-19 11:28:21.6 UTC-04:00,2022-09-19 11:28:21.6 UTC-04:00,1,1.4,2333573.477,98446.663,-108.819,-77.89936508,34.01540063,-108.819,209.681,NAD83(2011) / North Carolina
152,2333676.349,98251.913,-115.305,T06_05,-77.89903280,34.01486244,-115.305,0.033,0.033,0.039,0.046,6.345,ft,FIX,2022-09-19 11:28:39.0 UTC-04:00,2022-09-19 11:28:39.0 UTC-04:00,1,1.4,2333573.477,98446.663,-108.819,-77.89936508,34.01540063,-108.819,220.226,NAD83(2011) / North Carolina
153,2333694.953,98246.025,-115.658,T06_06,-77.89897164,34.01484570,-115.658,0.033,0.033,0.043,0.046,6.345,ft,FIX,2022-09-19 11:28:53.6 UTC-04:00,2022-09-19 11:28:53.6 UTC-04:00,1,1.4,2333573.477,98446.663,-108.819,-77.89936508,34.01540063,-108.819,234.521,NAD83(2011) / North Carolina
154,2333707.841,98241.641,-116.125,T06_07,-77.89892928,34.01483326,-116.125,0.033,0.033,0.043,0.046,6.345,ft,FIX,2022-09-19 11:29:04.0 UTC-04:00,2022-09-19 11:29:04.0 UTC-04:00,1,1.4,2333573.477,98446.663,-108.819,-77.89936508,34.01540063,-108.819,245.103,NAD83(2011) / North Carolina
155,2333718.392,98239.056,-116.795,T06_08,-77.89889456,34.01482584,-116.795,0.033,0.033,0.039,0.046,6.345,ft,FIX,2022-09-19 11:29:16.8 UTC-04:00,2022-09-19 11:29:16.8 UTC-04:00,1,1.4,2333573.477,98446.663,-108.819,-77.89936508,34.01540063,-108.819,253.160,NAD83(2011) / North Carolina
156,2333727.098,98236.355,-117.558,T06_09,-77.89886594,34.01481815,-117.558,0.033,0.033,0.039,0.046,6.345,ft,FIX,2022-09-19 11:29:27.4 UTC-04:00,2022-09-19 11:29:27.4 UTC-04:00,1,1.4,2333573.477,98446.663,-108.819,-77.89936508,34.01540063,-108.819,260.422,NAD83(2011) / North Carolina
157,2333733.871,98234.433,-117.117,T06_10,-77.89884366,34.01481266,-117.117,0.033,0.033,0.039,0.046,6.345,ft,FIX,2022-09-19 11:29:36.8 UTC-04:00,2022-09-19 11:29:36.8 UTC-04:00,1,1.4,2333573.477,98446.663,-108.819,-77.89936508,34.01540063,-108.819,266.000,NAD83(2011) / North Carolina
158,2333743.396,98232.742,-116.548,T06_11,-77.89881230,34.01480773,-116.548,0.033,0.033,0.033,0.046,6.345,ft,FIX,2022-09-19 11:29:49.0 UTC-04:00,2022-09-19 11:29:49.0 UTC-04:00,1,1.2,2333573.477,98446.663,-108.819,-77.89936508,34.01540063,-108.819,273.167,NAD83(2011) / North Carolina
159,2333754.811,98230.369,-116.106,T06_12,-77.89877472,34.01480086,-116.106,0.033,0.033,0.033,0.046,6.345,ft,FIX,2022-09-19 11:30:03.8 UTC-04:00,2022-09-19 11:30:03.8 UTC-04:00,1,1.2,2333573.477,98446.663,-108.819,-77.89936508,34.01540063,-108.819,282.221,NAD83(2011) / North Carolina
160,2333766.683,98227.025,-115.767,T06_13,-77.89873568,34.01479131,-115.767,0.033,0.033,0.033,0.046,6.345,ft,FIX,2022-09-19 11:30:14.2 UTC-04:00,2022-09-19 11:30:14.2 UTC-04:00,1,1.2,2333573.477,98446.663,-108.819,-77.89936508,34.01540063,-108.819,292.491,NAD83(2011) / North Carolina
161,2333777.088,98224.976,-115.662,T06_14,-77.89870142,34.01478536,-115.662,0.033,0.033,0.033,0.046,6.345,ft,FIX,2022-09-19 11:30:28.2 UTC-04:00,2022-09-19 11:30:28.2 UTC-04:00,1,1.2,2333573.477,98446.663,-108.819,-77.89936508,34.01540063,-108.819,300.970,NAD83(2011) / North Carolina
162,2333785.918,98222.289,-115.875,T06_15,-77.89867239,34.01477771,-115.875,0.033,0.033,0.039,0.046,6.345,ft,FIX,2022-09-19 11:30:44.4 UTC-04:00,2022-09-19 11:30:44.4 UTC-04:00,1,1.2,2333573.477,98446.663,-108.819,-77.89936508,34.01540063,-108.819,308.957,NAD83(2011) / North Carolina
163,2333795.662,98218.880,-116.876,T06_16,-77.89864037,34.01476805,-116.876,0.033,0.033,0.033,0.046,6.345,ft,FIX,2022-09-19 11:30:55.4 UTC-04:00,2022-09-19 11:30:55.4 UTC-04:00,1,1.2,2333573.477,98446.663,-108.819,-77.89936508,34.01540063,-108.819,318.170,NAD83(2011) / North Carolina
164,2333806.905,98215.881,-118.315,T06_17,-77.89860338,34.01475947,-118.315,0.033,0.033,0.033,0.046,6.345,ft,FIX,2022-09-19 11:31:10.0 UTC-04:00,2022-09-19 11:31:10.0 UTC-04:00,1,1.2,2333573.477,98446.663,-108.819,-77.89936508,34.01540063,-108.819,328.231,NAD83(2011) / North Carolina
165,2333817.418,98211.823,-119.220,T06_18,-77.89856885,34.01474800,-119.220,0.033,0.033,0.033,0.046,6.345,ft,FIX,2022-09-19 11:31:29.8 UTC-04:00,2022-09-19 11:31:29.8 UTC-04:00,1,1.2,2333573.477,98446.663,-108.819,-77.89936508,34.01540063,-108.819,338.597,NAD83(2011) / North Carolina
166,2333829.411,98208.231,-119.944,T06_19,-77.89852941,34.01473776,-119.944,0.033,0.033,0.033,0.046,6.345,ft,FIX,2022-09-19 11:31:42.6 UTC-04:00,2022-09-19 11:31:42.6 UTC-04:00,1,1.2,2333573.477,98446.663,-108.819,-77.89936508,34.01540063,-108.819,349.783,NAD83(2011) / North Carolina
167,2333840.043,98206.239,-120.479,T06_20,-77.89849440,34.01473197,-120.479,0.033,0.033,0.033,0.046,6.345,ft,FIX,2022-09-19 11:31:58.0 UTC-04:00,2022-09-19 11:31:58.0 UTC-04:00,1,1.2,2333573.477,98446.663,-108.819,-77.89936508,34.01540063,-108.819,358.973,NAD83(2011) / North Carolina
168,2333853.731,98201.397,-121.262,T06_21_WL,-77.89844942,34.01471825,-121.262,0.033,0.033,0.033,0.046,6.345,ft,FIX,2022-09-19 11:32:21.2 UTC-04:00,2022-09-19 11:32:21.2 UTC-04:00,1,1.2,2333573.477,98446.663,-108.819,-77.89936508,34.01540063,-108.819,372.430,NAD83(2011) / North Carolina
169,2333866.055,98197.062,-122.541,T06_22,-77.89840892,34.01470596,-122.541,0.033,0.033,0.033,0.046,6.345,ft,FIX,2022-09-19 11:32:38.8 UTC-04:00,2022-09-19 11:32:38.8 UTC-04:00,1,1.2,2333573.477,98446.663,-108.819,-77.89936508,34.01540063,-108.819,384.609,NAD83(2011) / North Carolina
170,2333885.098,98190.607,-124.536,T06_23,-77.89834633,34.01468765,-124.536,0.033,0.033,0.033,0.046,6.345,ft,FIX,2022-09-19 11:32:50.6 UTC-04:00,2022-09-19 11:32:50.6 UTC-04:00,1,1.2,2333573.477,98446.663,-108.819,-77.89936508,34.01540063,-108.819,403.391,NAD83(2011) / North Carolina